CED25CD,CED25NM
E58000050,Abbey ED
E58000051,Alconbury & Kimbolton ED
E58000052,Arbury ED
E58000053,Bar Hill ED
E58000054,Brampton & Buckden ED
E58000055,Burwell ED
E58000057,Castle ED
E58000058,Chatteris ED
E58000059,Cherry Hinton ED
E58000060,Chesterton ED
E58000062,Duxford ED
E58000063,Ely North ED
E58000064,Ely South ED
E58000065,Fulbourn ED
E58000066,Gamlingay ED
E58000067,Godmanchester & Huntingdon South ED
E58000069,Histon & Impington ED
E58000070,Huntingdon North & Hartford ED
E58000071,Huntingdon West ED
E58000072,King's Hedges ED
E58000073,Linton ED
E58000074,Littleport ED
E58000076,March North & Waldersey ED
E58000077,March South & Rural ED
E58000078,Market ED
E58000079,Melbourn & Bassingbourn ED
E58000080,Newnham ED
E58000082,Petersfield ED
E58000083,Queen Edith's ED
E58000084,Ramsey & Bury ED
E58000085,Roman Bank & Peckover ED
E58000086,Romsey ED
E58000088,Sawtry & Stilton ED
E58000089,Soham North & Isleham ED
E58000090,Soham South & Haddenham ED
E58000091,Somersham & Earith ED
E58000092,St. Ives North & Wyton ED
E58000093,St. Ives South & Needingworth ED
E58000094,St. Neots East & Gransden ED
E58000095,St. Neots Eynesbury ED
E58000096,St. Neots Priory Park & Little Paxton ED
E58000097,St. Neots The Eatons ED
E58000098,Sutton ED
E58000099,The Hemingfords & Fenstanton ED
E58000100,Trumpington ED
E58000101,Warboys & The Stukeleys ED
E58000102,Waterbeach ED
E58000103,Whittlesey North ED
E58000104,Whittlesey South ED
E58000105,Wisbech East ED
E58000371,Heathfield & Mayfield ED
E58000372,Hollington & Wishing Tree ED
E58000373,Langney ED
E58000374,Lewes ED
E58000375,Maresfield & Buxted ED
E58000376,Maze Hill & West St. Leonards ED
E58000377,Meads ED
E58000378,Newhaven & Bishopstone ED
E58000379,Northern Rother ED
E58000380,Old Hastings & Tressell ED
E58000381,Old Town ED
E58000382,Ouse Valley West & Downs ED
E58000383,Peacehaven ED
E58000384,Pevensey & Stone Cross ED
E58000385,Polegate & Watermill ED
E58000386,Ratton ED
E58000387,Ringmer & Lewes Bridge ED
E58000388,Rother North West ED
E58000389,Rye & Eastern Rother ED
E58000390,Seaford North ED
E58000391,Seaford South ED
E58000392,Sovereign ED
E58000393,St. Anthony's ED
E58000394,St. Helens & Silverhill ED
E58000395,Telscombe ED
E58000396,Uckfield North ED
E58000397,Uckfield South with Framfield ED
E58000398,Upperton ED
E58000399,Wealden East ED
E58000400,Wealden North East ED
E58000401,Willingdon & South Downs ED
E58000402,Abbey ED
E58000403,Basildon Laindon Park and Fryerns ED
E58000404,Basildon Pitsea ED
E58000405,Basildon Westley Heights ED
E58000406,Billericay and Burstead ED
E58000407,Bocking ED
E58000408,Braintree Eastern ED
E58000409,Braintree Town ED
E58000410,Brentwood Hutton ED
E58000411,Brentwood North ED
E58000412,Brentwood Rural ED
E58000413,Brentwood South ED
E58000414,Brightlingsea ED
E58000415,Broomfield and Writtle ED
E58000416,Buckhurst Hill and Loughton South ED
E58000417,Canvey Island East ED
E58000418,Canvey Island West ED
E58000419,Chelmer ED
E58000420,Chelmsford Central ED
E58001899,New Mills & Hayfield ED
E58001900,North Belper ED
E58001901,"North Wingfield, Pilsley & Morton ED"
E58001902,Repton & Stenson ED
E58001903,Ripley East ED
E58001904,Ripley West & Crich ED
E58001905,Sandiacre ED
E58001906,Sawley ED
E58001907,Shirebrook & Pleasley ED
E58001908,Shirland & Wingerworth South ED
E58001909,South Belper & Holbrook ED
E58001910,South Normanton & Pinxton ED
E58001911,Spire ED
E58001912,Staveley ED
E58001913,Staveley North & Whittington ED
E58001914,Sutton ED
E58001915,Swadlincote East ED
E58001916,Swadlincote South ED
E58001917,Swadlincote West ED
E58001918,Swanwick & Riddings ED
E58001919,"Walton, Brampton & Boythorpe ED"
E58001920,Whaley Bridge ED
E58001921,Wirksworth ED
E58000254,Alphington & Cowick ED
E58000256,Axminster ED
E58000257,Barnstaple North ED
E58000258,Barnstaple South ED
E58000259,Bickleigh & Wembury ED
E58000260,Bideford East ED
E58000261,Bideford West & Hartland ED
E58000262,Bovey Rural ED
E58000263,Braunton Rural ED
E58000264,Broadclyst ED
E58000265,Chudleigh & Teign Valley ED
E58000266,Chulmleigh & Landkey ED
E58000267,Combe Martin Rural ED
E58000268,Crediton ED
E58000269,"Creedy, Taw & Mid Exe ED"
E58000270,Cullompton & Bradninch ED
E58000271,Dartmouth & Marldon ED
E58000272,Dawlish ED
E58000273,Duryard & Pennsylvania ED
E58000274,Exminster & Haldon ED
E58000275,Exmouth & Budleigh Salterton Coastal ED
E58000276,Exmouth ED
E58000277,Exwick & St. Thomas ED
E58000278,Feniton & Honiton ED
E58000279,Fremington Rural ED
E58000280,Hatherleigh & Chagford ED
E58000281,Heavitree & Whipton Barton ED
E58000106,Wisbech West ED
E58000107,Woodditton ED
E58000108,Yaxley & Farcet ED
E58001761,Cottenham & Willingham ED
E58001762,"Longstanton, Northstowe & Over ED"
E58001771,Cambourne ED
E58001772,Hardwick ED
E58001773,Papworth & Swavesey ED
E58001774,Sawston & Shelford ED
E58001858,Alfreton & Somercotes ED
E58001859,Alport & Duffield ED
E58001860,Ashbourne South ED
E58001861,Aston ED
E58001862,Bakewell ED
E58001863,Barlborough & Clowne ED
E58001864,Bolsover ED
E58001865,Breadsall & West Hallam ED
E58001866,Breaston ED
E58001867,Brimington ED
E58001868,Buxton North & East ED
E58001869,Buxton South & West ED
E58001870,Chapel & Hope Valley ED
E58001871,Clay Cross & Tupton ED
E58001872,"Codnor, Aldercar, Langley Mill & Loscoe ED"
E58001873,Derwent Valley ED
E58001874,Dovedale & Ashbourne North ED
E58001875,Dronfield & Unstone ED
E58001876,Dronfield Woodhouse & Walton ED
E58001877,Dunston ED
E58001878,Eckington & Coal Aston ED
E58001879,Elmton with Creswell & Whitwell ED
E58001880,Etherow ED
E58001881,Etwall & Findern ED
E58001882,Glossop North ED
E58001883,Glossop South ED
E58001884,Hardwick ED
E58001885,Hasland & Rother ED
E58001886,Heanor ED
E58001887,Hilton ED
E58001888,Horsley ED
E58001889,Ilkeston Central ED
E58001890,Ilkeston North ED
E58001891,Ilkeston South & Kirk Hallam ED
E58001892,Killamarsh & Renishaw ED
E58001893,Linacre & Loundsley Green ED
E58001894,Linton ED
E58001895,Long Eaton North ED
E58001896,Long Eaton South ED
E58001897,Matlock ED
E58001898,Melbourne & Woodville ED
E58001758,Thaxted ED
E58001985,Abbey ED
E58001986,All Saints & Oakley ED
E58001987,Barnwood & Hucclecote ED
E58001988,Barton & Tredworth ED
E58001989,Battledown & Charlton Kings ED
E58001990,Benhall & Up Hatherley ED
E58001991,Bishop's Cleeve ED
E58001992,Bisley & Painswick ED
E58001993,Blakeney & Bream ED
E58001994,Bourton-on-the-Water & Northleach ED
E58001995,Brockworth ED
E58001996,Cam Valley ED
E58001997,Campden-Vale ED
E58001998,Charlton Park & College ED
E58001999,Churchdown ED
E58002000,Cinderford ED
E58002001,Cirencester North with Ermin ED
E58002002,Cirencester Park ED
E58002003,Coleford ED
E58002004,Coney Hill & Matson ED
E58002005,Drybrook & Lydbrook ED
E58002006,Dursley ED
E58002007,Fairford & Lechlade on Thames ED
E58002008,Grange & Kingsway ED
E58002009,Hardwicke & Severn ED
E58002010,Haresfield & Upton St Leonards ED
E58002011,Hempsted & Westgate ED
E58002012,Hesters Way & Springbank ED
E58002013,Highnam ED
E58002014,Kingsholm & Wotton ED
E58002015,Lansdown & Park ED
E58002016,Leckhampton & Warden Hill ED
E58002017,Longlevens ED
E58002018,Lydney ED
E58002019,Minchinhampton ED
E58002020,Mitcheldean ED
E58002021,"Moreton, Stow & the Rissingtons ED"
E58002022,Nailsworth ED
E58002023,Newent ED
E58002024,Pittville & St Paul's ED
E58002025,Prestbury & Swindon Village ED
E58002026,Quedgeley ED
E58002027,Rodborough ED
E58002028,Sedbury ED
E58002029,Severn Vale ED
E58002030,South Cerney ED
E58002031,St Mark's & St Peter's ED
E58002032,Stonehouse ED
E58002033,Stroud Central ED
E58000421,Chelmsford North ED
E58000422,Chelmsford West ED
E58000423,Chigwell and Loughton Broadway ED
E58000424,Clacton East ED
E58000425,Clacton North ED
E58000426,Clacton West ED
E58000427,Constable ED
E58000428,Drury ED
E58000430,Epping and Theydon Bois ED
E58000431,Frinton and Walton ED
E58000432,Great Baddow ED
E58000433,Hadleigh ED
E58000434,Halstead ED
E58000435,Harlow North ED
E58000436,Harlow South East ED
E58000437,Harlow West ED
E58000438,Harwich ED
E58000439,Hedingham ED
E58000440,Heybridge and Tollesbury ED
E58000441,Loughton Central ED
E58000442,Maldon ED
E58000443,Maypole ED
E58000444,Mersea and Tiptree ED
E58000445,Mile End and Highwoods ED
E58000446,North Weald and Nazeing ED
E58000447,Ongar and Rural ED
E58000448,Parsons Heath and East Gates ED
E58000449,Rayleigh North ED
E58000450,Rayleigh South ED
E58000451,Rochford North ED
E58000452,Rochford South ED
E58000453,Rochford West ED
E58000454,Saffron Walden ED
E58000455,South Benfleet ED
E58000456,South Woodham Ferrers ED
E58000457,Southminster ED
E58000458,Springfield ED
E58000459,Stansted ED
E58000460,Stanway and Pyefleet ED
E58000461,Stock ED
E58000462,Tendring Rural East ED
E58000463,Tendring Rural West ED
E58000465,Three Fields with Great Notley ED
E58000466,Thundersley ED
E58000467,Waltham Abbey ED
E58000468,Wickford Crouch ED
E58000469,Witham Northern ED
E58000470,Witham Southern ED
E58000471,Wivenhoe St. Andrew ED
E58001757,Dunmow ED
E58002034,Tetbury ED
E58002035,Tewkesbury East ED
E58002036,Tewkesbury West ED
E58002037,Tuffley & Moreland ED
E58002038,Winchcombe & Woodmancote ED
E58002039,Wotton-under-Edge ED
E58000525,Aldershot North ED
E58000526,Aldershot South ED
E58000527,Alton Rural ED
E58000528,Alton Town ED
E58000533,Basingstoke Central ED
E58000534,Basingstoke North ED
E58000535,Basingstoke North West ED
E58000536,Basingstoke South East ED
E58000537,Basingstoke South West ED
E58000538,Bishops Waltham ED
E58000539,Bishopstoke & Fair Oak ED
E58000540,Botley & Hedge End North ED
E58000541,Bridgemary ED
E58000542,Brockenhurst ED
E58000543,Calleva ED
E58000544,"Candovers, Oakley & Overton ED"
E58000545,Catherington ED
E58000546,Chandler's Ford ED
E58000547,Church Crookham & Ewshot ED
E58000548,Cowplain & Hart Plain ED
E58000549,Dibden & Hythe ED
E58000550,Eastleigh North ED
E58000551,Eastleigh South ED
E58000552,Emsworth & St. Faiths ED
E58000553,Fareham Crofton ED
E58000554,Fareham Portchester ED
E58000555,Fareham Sarisbury ED
E58000556,Fareham Titchfield ED
E58000557,Fareham Town ED
E58000558,Fareham Warsash ED
E58000559,Farnborough North ED
E58000560,Farnborough South ED
E58000561,Farnborough West ED
E58000562,Fleet Town ED
E58000563,Hamble ED
E58000564,Hardway ED
E58000565,Hartley Wintney & Yateley West ED
E58000566,Hayling Island ED
E58000567,Hedge End & West End South ED
E58000568,Itchen Valley ED
E58000569,Lee ED
E58000570,Leesland & Town ED
E58000571,"Liphook, Headley & Grayshott ED"
E58000572,Loddon ED
E58000282,Holsworthy Rural ED
E58000283,Ilfracombe ED
E58000284,Ipplepen & The Kerswells ED
E58000285,Ivybridge ED
E58000286,Kingsbridge ED
E58000287,Kingsteignton & Teign Estuary ED
E58000288,Newton Abbot North ED
E58000290,Northam ED
E58000291,Okehampton Rural ED
E58000292,Otter Valley ED
E58000293,Pinhoe & Mincinglake ED
E58000294,Salcombe ED
E58000295,Seaton & Colyton ED
E58000296,Sidmouth ED
E58000297,South Brent & Yealmpton ED
E58000298,South Molton ED
E58000299,St. David's & Haven Banks ED
E58000300,St. Sidwells & St. James ED
E58000301,Tavistock ED
E58000302,Teignmouth ED
E58000304,Tiverton West ED
E58000305,Torrington Rural ED
E58000306,Totnes & Dartington ED
E58000307,Wearside & Topsham ED
E58000308,Whimple & Blackdown ED
E58000310,Wonford & St. Loyes ED
E58000311,Yelverton Rural ED
E58001983,Ashburton & Buckfastleigh ED
E58001984,Newton Abbot South ED
E58002116,Tiverton East ED
E58002117,Willand & Uffculme ED
E58000352,"Arlington, East Hoathly & Hellingly ED"
E58000353,Ashdown & Conquest ED
E58000354,Baird & Ore ED
E58000355,Battle & Crowhurst ED
E58000356,Bexhill East ED
E58000357,Bexhill North ED
E58000358,Bexhill South ED
E58000359,Bexhill West ED
E58000360,Braybrooke & Castle ED
E58000361,Brede Valley & Marsham ED
E58000362,Central St. Leonards & Gensing ED
E58000363,Chailey ED
E58000364,Crowborough North & Jarvis Brook ED
E58000365,Crowborough South & St. Johns ED
E58000366,Devonshire ED
E58000367,Forest Row & Groombridge ED
E58000368,Hailsham Market ED
E58000369,Hailsham New Town ED
E58000370,Hampden Park ED
E58000573,Lymington & Boldre ED
E58000574,Lyndhurst & Fordingbridge ED
E58000575,Meon Valley ED
E58000576,New Milton ED
E58000577,"New Milton North, Milford & Hordle ED"
E58000578,North East Havant ED
E58000579,North West Havant ED
E58000580,Odiham & Hook ED
E58000581,Petersfield Butser ED
E58000582,Petersfield Hangers ED
E58000583,Purbrook & Stakes South ED
E58000584,Ringwood ED
E58000587,South Waterside ED
E58000588,Tadley & Baughurst ED
E58000590,Totton North & Netley Marsh ED
E58000591,Totton South & Marchwood ED
E58000592,Waterloo & Stakes North ED
E58000593,West End & Horton Heath ED
E58000594,Whitchurch & The Cleres ED
E58000595,"Whitehill, Bordon & Lindford ED"
E58000596,Winchester Downlands ED
E58000597,Winchester Eastgate ED
E58000598,Winchester Southern Parishes ED
E58000599,Winchester Westgate ED
E58000600,Yateley East & Blackwater ED
E58001780,Andover North ED
E58001781,Andover South ED
E58001782,Andover West ED
E58001783,Baddesley ED
E58001784,Romsey Rural ED
E58001785,Romsey Town ED
E58001786,Test Valley Central ED
E58000601,Abbots Langley ED
E58000602,Baldock & Letchworth East ED
E58000603,Bedwell ED
E58000604,Berkhamsted ED
E58000608,Borehamwood North ED
E58000609,Borehamwood South ED
E58000610,Bridgewater ED
E58000611,Broadwater ED
E58000612,Buntingford ED
E58000613,Bushey North ED
E58000614,Bushey South ED
E58000615,Central Watford & Oxhey ED
E58000616,Chells ED
E58000617,Cheshunt Central ED
E58000618,Colney Heath & Marshalswick ED
E58000619,Croxley ED
E58000620,Flamstead End & Turnford ED
E58000621,Goffs Oak & Bury Green ED
E58000769,Clitheroe ED
E58000770,"Euxton, Buckshaw & Astley ED"
E58000771,Fleetwood East ED
E58000772,Fleetwood West & Cleveleys West ED
E58000773,Fylde East ED
E58000774,Fylde South ED
E58000775,Fylde West ED
E58000776,"Great Harwood, Rishton & Clayton-le-Moors ED"
E58000777,Heysham ED
E58000778,Hoghton with Wheelton ED
E58000779,Lancaster Central ED
E58000780,Lancaster East ED
E58000781,Lancaster Rural East ED
E58000782,Lancaster Rural North ED
E58000783,Lancaster South East ED
E58000784,Leyland Central ED
E58000785,Leyland South ED
E58000786,Longridge with Bowland ED
E58000787,Lostock Hall & Bamber Bridge ED
E58000788,Lytham ED
E58000789,Mid-Rossendale ED
E58000790,Morecambe Central ED
E58000791,Morecambe North ED
E58000792,Morecambe South ED
E58000793,Moss Side & Farington ED
E58000794,Nelson East ED
E58000795,Ormskirk ED
E58000796,Oswaldtwistle ED
E58000797,Padiham & Burnley West ED
E58000798,Pendle Central ED
E58000799,Pendle Hill ED
E58000800,Pendle Rural ED
E58000672,Ware North ED
E58000801,Penwortham East & Walton-le-Dale ED
E58000802,Penwortham West ED
E58000803,Poulton-le-Fylde ED
E58000804,Preston Central East ED
E58000805,Preston Central West ED
E58000806,Preston City ED
E58000807,Preston East ED
E58000808,Preston North ED
E58000809,Preston Rural ED
E58000810,Preston South East ED
E58000811,Preston South West ED
E58000812,Preston West ED
E58000813,Ribble Valley North East ED
E58000814,Ribble Valley South West ED
E58000815,Rossendale East ED
E58000816,Rossendale South ED
E58000817,Rossendale West ED
E58000818,Skelmersdale Central ED
E58000673,Ware South ED
E58000674,Watling ED
E58000675,Welwyn ED
E58000676,Welwyn Garden City South ED
E58000677,West Watford ED
E58000678,Woodside Stanborough ED
E58001775,Bishop's Stortford East ED
E58001776,Bishop's Stortford Rural ED
E58001777,Bishop's Stortford West ED
E58000684,Ashford South ED
E58000685,Birchington & Rural ED
E58000686,Broadstairs ED
E58000687,Canterbury City North ED
E58000689,Canterbury North ED
E58000691,"Cheriton, Sandgate & Hythe East ED"
E58000692,Cliftonville ED
E58000693,Cranbrook ED
E58000694,Dartford East ED
E58000695,Dartford North East ED
E58000696,Dartford Rural ED
E58000697,Dartford West ED
E58000698,Deal & Walmer ED
E58000699,Dover North ED
E58000700,Dover Town ED
E58000701,Dover West ED
E58000702,Elham Valley ED
E58000703,Faversham ED
E58000704,Folkestone East ED
E58000705,Folkestone West ED
E58000706,Gravesend East ED
E58000707,Gravesham Rural ED
E58000708,Herne Bay East ED
E58000709,Herne Village & Sturry ED
E58000710,Hythe West ED
E58000712,Maidstone North East ED
E58000720,Malling North East ED
E58000721,Malling North ED
E58000723,Malling West ED
E58000724,Margate ED
E58000725,Northfleet & Gravesend West ED
E58000726,Ramsgate ED
E58000727,Romney Marsh ED
E58000728,Sandwich ED
E58000729,Sevenoaks North & Darent Valley ED
E58000730,Sevenoaks Rural North East ED
E58000731,Sevenoaks Rural South ED
E58000732,Sevenoaks Town ED
E58000733,Sevenoaks West ED
E58000734,Sheppey ED
E58000869,Melton West ED
E58000870,Melton Wolds ED
E58000871,Narborough & Whetstone ED
E58000872,North Wigston ED
E58000873,Oadby ED
E58000874,Quorn & Barrow ED
E58000875,Rothley & Mountsorrel ED
E58000876,Shepshed ED
E58000877,Sileby & The Wolds ED
E58000878,South & West Wigston ED
E58000879,St. Marys ED
E58000880,Stoney Stanton & Croft ED
E58000881,Syston Fosse ED
E58000882,Syston Ridgeway ED
E58000883,Thurmaston Ridgemere ED
E58000884,Valley ED
E58000885,Whitwick ED
E58000886,Alford & Sutton ED
E58000887,Bardney & Cherry Willingham ED
E58000888,Bassingham & Welbourn ED
E58000889,Birchwood ED
E58000890,Boston Coastal ED
E58000891,Boston North ED
E58000892,Boston Rural ED
E58000893,Boston South ED
E58000894,Boston West ED
E58000895,Boultham ED
E58000896,Bourne North and Morton ED
E58000897,Bourne South and Thurlby ED
E58000898,Carholme ED
E58000899,Colsterworth Rural ED
E58000900,Crowland ED
E58000901,Deepings East ED
E58000902,Deepings West and Rural ED
E58000903,Donington Rural ED
E58000904,Eagle & Hykeham West ED
E58000905,Ermine & Cathedral ED
E58000906,Folkingham Rural ED
E58000907,Gainsborough Hill ED
E58000908,Gainsborough Rural South ED
E58000909,Gainsborough Trent ED
E58000910,Grantham Barrowby ED
E58000911,Grantham East ED
E58000912,Grantham North ED
E58000913,Grantham South ED
E58000914,Grantham West ED
E58000915,Hartsholme ED
E58000916,Heckington ED
E58000917,Holbeach ED
E58000918,Holbeach Rural ED
E58000735,Sittingbourne North ED
E58000736,Sittingbourne South ED
E58000737,Swale East ED
E58000738,Swale West ED
E58000739,Swanley ED
E58000740,Swanscombe & Greenhithe ED
E58000741,Tenterden ED
E58000742,Tonbridge ED
E58000743,Tunbridge Wells East ED
E58000744,Tunbridge Wells North ED
E58000745,Tunbridge Wells Rural ED
E58000746,Tunbridge Wells South ED
E58000747,Tunbridge Wells West ED
E58000748,Whitstable East & Herne Bay West ED
E58000749,Whitstable West ED
E58000750,Wilmington ED
E58001725,Ashford Rural East ED
E58001787,Canterbury City South ED
E58001788,Canterbury South ED
E58001789,Malling Central ED
E58001790,Malling Rural East ED
E58001975,Ashford Central ED
E58001976,Ashford East ED
E58001977,Ashford Rural South ED
E58001978,Ashford Rural West ED
E58002109,Maidstone Central ED
E58002110,Maidstone Rural East ED
E58002111,Maidstone Rural North ED
E58002112,Maidstone Rural South ED
E58002113,Maidstone Rural West ED
E58002114,Maidstone South East ED
E58002115,Maidstone South ED
E58000751,Accrington North ED
E58000752,Accrington South ED
E58000753,Accrington West & Oswaldtwistle Central ED
E58000754,Brierfield & Nelson West ED
E58000755,Burnley Central East ED
E58000756,Burnley Central West ED
E58000757,Burnley North East ED
E58000758,Burnley Rural ED
E58000759,Burnley South West ED
E58000760,Burscough & Rufford ED
E58000761,Chorley Central ED
E58000762,Chorley North ED
E58000763,Chorley Rural East ED
E58000764,Chorley Rural West ED
E58000765,Chorley South ED
E58000766,Clayton with Whittle ED
E58000767,Cleveleys East ED
E58000768,Cleveleys South & Carleton ED
E58000819,Skelmersdale East ED
E58000820,Skelmersdale West ED
E58000821,Skerton ED
E58000822,South Ribble East ED
E58000823,South Ribble West ED
E58000824,St. Annes North ED
E58000825,St. Annes South ED
E58000826,Thornton & Hambleton ED
E58000827,West Lancashire East ED
E58000828,West Lancashire North ED
E58000829,West Lancashire West ED
E58000830,Whitworth & Bacup ED
E58000831,Wyre Rural Central ED
E58000832,Wyre Rural East ED
E58000833,Ashby de la Zouch ED
E58000834,Belvoir ED
E58000835,Birstall ED
E58000836,Blaby & Glen Parva ED
E58000837,Bradgate ED
E58000838,Braunstone ED
E58000839,Broughton Astley ED
E58000840,Bruntingthorpe ED
E58000841,Burbage ED
E58000842,Castle Donington & Kegworth ED
E58000843,Coalville North ED
E58000844,Coalville South ED
E58000845,Cosby & Countesthorpe ED
E58000846,De Montfort ED
E58000847,Earl Shilton ED
E58000848,East Wigston ED
E58000849,Enderby & Lubbesthorpe ED
E58000850,Forest & Measham ED
E58000851,Gartree ED
E58000852,"Glenfields, Kirby Muxloe & Leicester Forests ED"
E58000853,Groby & Ratby ED
E58000854,Hollycroft ED
E58000855,Ibstock & Appleby ED
E58000856,Launde ED
E58000857,Loughborough East ED
E58000858,Loughborough North ED
E58000859,Loughborough North West ED
E58000860,Loughborough South ED
E58000861,Loughborough South West ED
E58000862,Lutterworth ED
E58000863,Mallory ED
E58000864,Market Bosworth ED
E58000865,Market Harborough East ED
E58000866,Market Harborough West & Foxton ED
E58000867,"Markfield, Desford & Thornton ED"
E58000868,Melton East ED
E58000919,Horncastle & the Keals ED
E58000920,Hough ED
E58000921,Hykeham Forum ED
E58000922,Ingoldmells Rural ED
E58000923,Louth North ED
E58000924,Louth South ED
E58000925,Louth Wolds ED
E58000926,Mablethorpe ED
E58000927,Market Rasen Wolds ED
E58000928,Metheringham Rural ED
E58000929,Nettleham & Saxilby ED
E58000930,North Wolds ED
E58000931,Park ED
E58000932,Potterhanworth & Coleby ED
E58000933,Ruskington ED
E58000934,Saltfleet & the Cotes ED
E58000935,Scotter Rural ED
E58000936,Skegness North ED
E58000937,Skegness South ED
E58000938,Skirbeck ED
E58000939,Sleaford ED
E58000940,Sleaford Rural ED
E58000941,Spalding East ED
E58000942,Spalding Elloe ED
E58000943,Spalding South ED
E58000944,Spalding West ED
E58000945,St. Giles ED
E58000946,Stamford East ED
E58000947,Stamford West ED
E58000948,Swallow Beck & Witham ED
E58000949,Tattershall Castle ED
E58000950,The Suttons ED
E58000951,Waddington & Hykeham East ED
E58000952,Wainfleet ED
E58000953,Washingborough ED
E58000954,Welton Rural ED
E58000955,Woodhall Spa & Wragby ED
E58000956,Acle ED
E58000957,Attleborough ED
E58000958,Aylsham ED
E58000959,Blofield and Brundall ED
E58000960,Bowthorpe ED
E58000961,Breydon ED
E58000962,Caister-on-Sea ED
E58000963,Catton Grove ED
E58000964,Clavering ED
E58000965,Clenchwarton and King's Lynn South ED
E58000967,Crome ED
E58000968,Cromer ED
E58000969,Dereham North ED
E58000622,Haldens ED
E58000623,Handside & Peartree ED
E58000624,Harpenden North East ED
E58000625,Harpenden Rural ED
E58000626,Harpenden South West ED
E58000627,Hatfield East ED
E58000628,Hatfield North ED
E58000629,Hatfield Rural ED
E58000630,Hatfield South ED
E58000631,Hemel Hempstead East ED
E58000632,Hemel Hempstead North East ED
E58000633,Hemel Hempstead North West ED
E58000634,Hemel Hempstead South East ED
E58000635,Hemel Hempstead St. Pauls ED
E58000636,Hemel Hempstead Town ED
E58000637,Hertford All Saints ED
E58000638,Hertford Rural ED
E58000639,Hertford St. Andrews ED
E58000640,Hitchin North ED
E58000641,Hitchin Rural ED
E58000642,Hitchin South ED
E58000643,Hoddesdon North ED
E58000644,Hoddesdon South ED
E58000645,Kings Langley ED
E58000646,Knebworth & Codicote ED
E58000647,Letchworth North ED
E58000648,Letchworth South ED
E58000649,London Colney ED
E58000650,Meriden Tudor ED
E58000651,Nascot Park ED
E58000652,North Watford ED
E58000653,Old Stevenage ED
E58000654,Potters Bar East ED
E58000655,Potters Bar West & Shenley ED
E58000656,Rickmansworth East & Oxhey Park ED
E58000657,Rickmansworth West ED
E58000658,Royston East & Ermine ED
E58000659,Royston West & Rural ED
E58000660,Sawbridgeworth ED
E58000661,Shephall ED
E58000662,South Oxhey & Eastbury ED
E58000663,St. Albans Central ED
E58000664,St. Albans East ED
E58000665,St. Albans North ED
E58000666,St. Albans South ED
E58000667,St. Nicholas ED
E58000668,St. Stephen's ED
E58000669,Three Rivers Rural ED
E58000670,Tring ED
E58000671,Waltham Cross ED
E58000970,Dereham South ED
E58000971,Dersingham ED
E58000972,Diss and Roydon ED
E58000973,Docking ED
E58000974,Downham Market ED
E58000975,Drayton and Horsford ED
E58000976,East Depwade ED
E58000977,East Flegg ED
E58000978,Eaton ED
E58000979,Elmham and Mattishall ED
E58000980,Fakenham ED
E58000981,Feltwell ED
E58000982,Fincham ED
E58000983,Forehoe ED
E58000984,Freebridge Lynn ED
E58000985,Gayton and Nar Valley ED
E58000986,Gaywood North and Central ED
E58000987,Gaywood South ED
E58000988,Gorleston St. Andrews ED
E58000989,Guiltcross ED
E58000990,Hellesdon ED
E58000991,Henstead ED
E58000992,Hevingham and Spixworth ED
E58000993,Hingham ED
E58000994,Holt ED
E58000995,Hoveton and Stalham ED
E58000997,King's Lynn North and Central ED
E58000998,Lakenham ED
E58000999,Loddon ED
E58001000,Long Stratton ED
E58001001,Lothingland ED
E58001002,Magdalen ED
E58001003,Mancroft ED
E58001004,Marshland North ED
E58001005,Marshland South ED
E58001006,Melton Constable ED
E58001007,Mile Cross ED
E58001008,Mundesley ED
E58001009,Necton and Launditch ED
E58001010,Nelson ED
E58001011,North Coast ED
E58001012,North Walsham East ED
E58001013,North Walsham West and Erpingham ED
E58001014,Old Catton ED
E58001015,Reepham ED
E58001016,Sewell ED
E58001017,Sheringham ED
E58001018,South Smallburgh ED
E58001019,Sprowston ED
E58001020,Swaffham ED
E58001800,Brereton & Ravenhill ED
E58001197,Newark East ED
E58001444,Stour Valley ED
E58001801,Brewood ED
E58001445,Stowmarket North and Stowupland ED
E58001198,Newark West ED
E58001802,Burntwood North ED
E58001446,Stowmarket South ED
E58001199,Newstead ED
E58001803,Burntwood South ED
E58001447,Sudbury East and Waldingfield ED
E58001201,Ollerton ED
E58001804,Burton South ED
E58001448,Sudbury ED
E58001202,Radcliffe on Trent ED
E58001805,Burton Tower ED
E58001449,Thedwastre North ED
E58001203,Retford East ED
E58001806,Burton Town ED
E58001450,Thedwastre South ED
E58001204,Retford West ED
E58001807,Burton Trent ED
E58001453,Thredling ED
E58001205,Selston ED
E58001808,Cannock Town ED
E58001455,Upper Gipping ED
E58001206,Sherwood Forest ED
E58001809,Caverswall ED
E58001456,Whitehouse and Whitton ED
E58001207,Southwell ED
E58001810,Chadsmoor ED
E58001457,Wickham ED
E58001209,Sutton Central & East ED
E58001811,Cheadle & Checkley ED
E58001458,Wilford ED
E58001210,Sutton North ED
E58001812,"Cheslyn Hay Village, Featherstone & Shareshill ED"
E58001459,Woodbridge ED
E58001211,Sutton West ED
E58001813,Churnet Valley ED
E58001749,Eastgate and Moreton Hall ED
E58001212,"Toton, Chilwell & Attenborough ED"
E58001814,Codsall ED
E58001750,Hardwick ED
E58001213,Tuxford ED
E58001815,Dove ED
E58001751,Haverhill East and Kedington ED
E58001214,Warsop ED
E58001816,Eccleshall & Gnosall ED
E58001752,Thingoe North ED
E58001215,West Bridgford North ED
E58001817,Etching Hill & The Heath ED
E58001753,Thingoe South ED
E58001216,West Bridgford South ED
E58001818,Great Wyrley & Essington ED
E58001754,Tower ED
E58001217,West Bridgford West ED
E58001819,"Hawks Green, Rawnsley & Cannock Wood ED"
E58001759,Clare ED
E58001218,Worksop East ED
E58001820,Hednesford North ED
E58001760,Haverhill Cangle ED
E58001460,Addlestone ED
E58001461,Ash ED
E58001462,Ashford ED
E58001463,Ashtead ED
E58001464,"Bagshot, Windlesham and Chobham ED"
E58001465,"Banstead, Woodmansterne and Chipstead ED"
E58001466,Bookham and Fetcham West ED
E58001467,Camberley East ED
E58001468,Camberley West ED
E58001469,Caterham Hill ED
E58001470,Caterham Valley ED
E58001471,Chertsey ED
E58001472,Cobham ED
E58001473,Cranleigh and Ewhurst ED
E58001474,Dorking Hills ED
E58001475,Dorking Rural ED
E58001476,Dorking South and the Holmwoods ED
E58001477,Earlswood and Reigate South ED
E58001478,East Molesey and Esher ED
E58001479,Egham ED
E58001480,Englefield Green ED
E58001481,Epsom Town and Downs ED
E58001482,Epsom West ED
E58001483,"Ewell Court, Auriol and Cuddington ED"
E58001484,Ewell ED
E58001485,Farnham Central ED
E58001486,Farnham North ED
E58001487,Farnham South ED
E58001488,"Foxhills, Thorpe and Virginia Water ED"
E58001219,Worksop North ED
E58001821,Kidsgrove ED
E58001220,Worksop South ED
E58001822,Kinver ED
E58001221,Worksop West ED
E58001823,Leek Rural ED
E58001979,Bramcote & Beeston North ED
E58001824,Leek South ED
E58001980,Greasley & Brinsley ED
E58001825,Lichfield City North ED
E58001981,Nuthall & Kimberley ED
E58001826,Lichfield City South ED
E58001982,Stapleford & Broxtowe Central ED
E58001827,Lichfield Rural East ED
E58002040,Abingdon East ED
E58001828,Lichfield Rural North ED
E58002041,Abingdon North ED
E58001829,Lichfield Rural South ED
E58002042,Abingdon South ED
E58001830,Lichfield Rural West ED
E58002043,"Adderbury, Bloxham & Bodicote ED"
E58001831,May Bank & Wolstanton ED
E58002044,Bampton & Carterton South ED
E58001832,Needwood Forest ED
E58002045,Banbury Calthorpe ED
E58001833,Newcastle Rural ED
E58002046,Banbury Easington ED
E58001834,Newcastle South ED
E58002047,Banbury Grimsbury & Castle ED
E58001835,"Norton Canes, Heath Hayes & Wimblebury ED"
E58002048,Banbury Hardwick ED
E58001836,Penkridge ED
E58002049,Banbury Ruscote ED
E58001837,Perrycrofts ED
E58002050,Bartlemas ED
E58001838,Perton ED
E58002051,"Barton, Sandhills & Risinghurst ED"
E58001839,Silverdale & Knutton ED
E58002052,Benson & Crowmarsh ED
E58001840,Stafford Central ED
E58002053,Berinsfield & Garsington ED
E58001841,Stafford North ED
E58002054,Bicester East ED
E58001842,Stafford South East ED
E58002055,Bicester North ED
E58001843,Stafford South West ED
E58002056,Bicester South ED
E58001844,Stafford Trent Valley ED
E58002057,Bicester West ED
E58001845,Stafford West & Rural ED
E58002058,Brize Norton & Carterton East ED
E58001846,Stone Rural North ED
E58002059,Burford & Carterton West ED
E58001847,Stone Urban ED
E58002060,Chalgrove & Thame West ED
E58001848,Stretton ED
E58002061,Charlbury & Wychwood ED
E58001849,Talke & Red Street ED
E58002062,"Charlton, Ardington & Hendreds ED"
E58001850,The Cotes/Two Rivers ED
E58001851,The Heaths ED
E58001852,Uttoxeter Rural ED
E58001853,Uttoxeter Town ED
E58001854,Watling ED
E58001855,"Westlands, Thistleberry & Keele ED"
E58001856,Wilnecote ED
E58001857,Wombourne ED
E58001397,Aldeburgh and Leiston ED
E58001398,Beccles ED
E58001399,Belstead Brook ED
E58001400,Bixley ED
E58001401,Blackbourn ED
E58001402,Blything ED
E58001403,Bosmere ED
E58001404,Brandon ED
E58001405,Bridge ED
E58001406,Bungay ED
E58001407,Carlford ED
E58001408,Chantry ED
E58001410,Cosford ED
E58001412,Exning and Newmarket ED
E58001413,Felixstowe Coastal ED
E58001414,Felixstowe North and Trimley ED
E58001415,Framlingham ED
E58001416,Gainsborough ED
E58001417,Gipping Valley ED
E58001418,Great Cornard ED
E58001419,Gunton ED
E58001420,Hadleigh ED
E58001421,Halesworth ED
E58001423,Hartismere ED
E58001426,Hoxne and Eye ED
E58001427,Kesgrave and Rushmere St. Andrew ED
E58001428,Kessingland and Southwold ED
E58001429,Lowestoft South ED
E58001430,Martlesham ED
E58001431,Melford ED
E58001432,Mildenhall ED
E58001433,Newmarket and Red Lodge ED
E58001434,Oulton ED
E58001435,Pakefield ED
E58001436,Peninsula ED
E58001437,Priory Heath ED
E58001438,Row Heath ED
E58001439,Rushmere ED
E58001440,Samford ED
E58001441,St. Helen's ED
E58001442,St. John's ED
E58001443,St. Margaret's and Westgate ED
E58002063,Chesterton & Launton ED
E58002064,Chinnor ED
E58002065,Chipping Norton ED
E58002066,Cholsey & The Hagbournes ED
E58002067,Churchill & Lye Valley ED
E58002068,Cowley ED
E58002069,Cropredy & Hook Norton ED
E58002070,Deddington ED
E58002071,Didcot Ladygrove ED
E58002072,Didcot South ED
E58002073,Didcot West ED
E58002074,"Drayton, Sutton Courtenay & Steventon ED"
E58002075,Eynsham ED
E58002076,Faringdon ED
E58002077,Goring & Woodcote ED
E58002078,Grove ED
E58002079,Hanborough & Hailey ED
E58002080,"Harwell, Western Valley & Blewbury ED"
E58002081,Headington & Quarry ED
E58002082,Henley ED
E58002083,Isis ED
E58002084,Jericho & Osney ED
E58002085,Kennington & Radley ED
E58002086,Kidlington East ED
E58002087,Kidlington North & Otmoor ED
E58002088,Kidlington West ED
E58002089,Kingston & Stanford ED
E58002090,Leys ED
E58002091,Marcham & Cumnor ED
E58002092,Marston & Northway ED
E58002093,North Hinksey ED
E58002094,Parks ED
E58002095,Rose Hill & Littlemore ED
E58002096,Shrivenham ED
E58002097,Sonning Common & Henley South ED
E58002098,Summertown & Walton Manor ED
E58002099,Thame ED
E58002100,Wallingford ED
E58002101,Wantage West ED
E58002102,Watlington & Rotherfield ED
E58002103,Wheatley ED
E58002104,Witney North & East ED
E58002105,Witney South & Central ED
E58002106,Witney West & Ducklington ED
E58002107,Wolvercote & Cutteslowe ED
E58002108,Woodstock ED
E58001796,Audley & Chesterton ED
E58001797,Biddulph North ED
E58001798,Biddulph South & Endon ED
E58001799,Bradwell & Porthill ED
E58001489,Frimley Green and Mytchett ED
E58001490,Godalming North ED
E58001491,"Godalming South, Milford and Witley ED"
E58001492,Godstone ED
E58001493,Goldsworth East and Horsell Village ED
E58001494,Guildford East ED
E58001495,Guildford North ED
E58001496,Guildford South East ED
E58001497,Guildford South West ED
E58001498,Guildford West ED
E58001499,Haslemere ED
E58001500,Heatherside and Parkside ED
E58001501,Hersham ED
E58001502,"Hinchley Wood, Claygate and Oxshott ED"
E58001503,Horley East ED
E58001504,"Horley West, Salfords and Sidlow ED"
E58001505,Horsleys ED
E58001506,Knaphill and Goldsworth West ED
E58001507,Laleham and Shepperton ED
E58001508,Leatherhead and Fetcham East ED
E58001509,"Lightwater, West End and Bisley ED"
E58001511,Lingfield ED
E58001512,Lower Sunbury and Halliford ED
E58001513,Merstham and Banstead South ED
E58001514,Nork and Tattenhams ED
E58001515,Oxted ED
E58001516,Redhill East ED
E58001517,Redhill West and Meadvale ED
E58001518,Reigate ED
E58001519,Shalford ED
E58001520,Shere ED
E58001521,Staines ED
E58001522,Staines South and Ashford West ED
E58001523,Stanwell and Stanwell Moor ED
E58001524,Sunbury Common and Ashford Common ED
E58001525,"Tadworth, Walton and Kingswood ED"
E58001526,The Byfleets ED
E58001527,The Dittons ED
E58001528,Walton ED
E58001529,Walton South and Oatlands ED
E58001530,Warlingham ED
E58001531,Waverley Eastern Villages ED
E58001532,Waverley Western Villages ED
E58001533,West Ewell ED
E58001534,West Molesey ED
E58001535,Weybridge ED
E58001536,Woking North ED
E58001537,Woking South East ED
E58001538,Woking South ED
E58001539,Woking South West ED
E58001021,Taverham ED
E58001022,The Brecks ED
E58001023,Thetford East ED
E58001024,Thetford West ED
E58001025,Thorpe Hamlet ED
E58001026,Thorpe St. Andrew ED
E58001028,Town Close ED
E58001029,University ED
E58001030,Watton ED
E58001031,Wells ED
E58001032,Wensum ED
E58001033,West Depwade ED
E58001034,West Flegg ED
E58001035,Woodside ED
E58001036,Wroxham ED
E58001037,Wymondham ED
E58001038,Yare and All Saints ED
E58001039,Yarmouth Nelson and Southtown ED
E58001040,Yarmouth North and Central ED
E58001778,Costessey ED
E58001779,Humbleyard ED
E58001166,Arnold North ED
E58001167,Arnold South ED
E58001168,Ashfields ED
E58001169,Balderton ED
E58001170,Beeston Central & Rylands ED
E58001171,Bingham East ED
E58001172,Bingham West ED
E58001173,Blidworth ED
E58001174,Blyth & Harworth ED
E58001176,Calverton ED
E58001177,Carlton East ED
E58001178,Carlton West ED
E58001179,Collingham ED
E58001180,Cotgrave ED
E58001181,Eastwood ED
E58001182,Farndon & Trent ED
E58001184,Hucknall North ED
E58001185,Hucknall South ED
E58001186,Hucknall West ED
E58001187,Keyworth ED
E58001188,Kirkby North ED
E58001189,Kirkby South ED
E58001190,Leake & Ruddington ED
E58001191,Mansfield East ED
E58001192,Mansfield North ED
E58001193,Mansfield South ED
E58001194,Mansfield West ED
E58001195,Misterton ED
E58001196,Muskham & Farnsfield ED
E58001540,Woodham and New Haw ED
E58001662,The Witterings ED
E58001541,Worplesdon ED
E58001542,Admirals & Cawston ED
E58001663,Three Bridges ED
E58001543,Alcester ED
E58001664,Tilgate & Furnace Green ED
E58001544,Arbury ED
E58001665,Worth Forest ED
E58001545,Arden ED
E58001666,Worthing East ED
E58001546,Atherstone ED
E58001601,Bersted ED
E58001667,Worthing Pier ED
E58001547,Attleborough ED
E58001602,Bewbush & Ifield West ED
E58001668,Worthing West ED
E58001548,Baddesley & Dordon ED
E58001603,Billingshurst ED
E58001922,Alvechurch ED
E58001549,Bedworth Central ED
E58001604,Bognor Regis East ED
E58001923,Beacon ED
E58001550,Bedworth East ED
E58001605,Bognor Regis West & Aldwick ED
E58001924,Bedwardine ED
E58001551,Bedworth North ED
E58001606,Bourne ED
E58001925,Bewdley ED
E58001552,Bedworth West ED
E58001607,Bramber Castle ED
E58001926,Bowbrook ED
E58001553,Benn ED
E58001608,Broadbridge ED
E58001927,Bredon ED
E58001554,Bidford & Welford ED
E58001609,Broadfield ED
E58001928,Broadway ED
E58001555,Bilton & Hillside ED
E58001610,Broadwater ED
E58001929,Bromsgrove Central ED
E58001556,Brownsover & Coton Park ED
E58001611,Burgess Hill East ED
E58001930,Bromsgrove East ED
E58001557,Budbrooke & Bishop's Tachbrook ED
E58001612,Burgess Hill North ED
E58001931,Bromsgrove South ED
E58001558,Bulkington & Whitestone ED
E58001613,Chichester East ED
E58001932,Bromsgrove West ED
E58001559,Camp Hill ED
E58001614,Chichester North ED
E58001933,Chaddesley ED
E58001560,Coleshill North & Water Orton ED
E58001615,Chichester South ED
E58001934,Claines ED
E58001561,Coleshill South & Arley ED
E58001616,Chichester West ED
E58001935,Clent Hills ED
E58001562,Cubbington & Leek Wootton ED
E58001617,Cissbury ED
E58001936,"Cookley, Wolverley & Wribbenhall ED"
E58001563,Dunsmore & Leam Valley ED
E58001618,Cuckfield & Lucastes ED
E58001937,Croome ED
E58001564,Earl Craven ED
E58001619,Durrington & Salvington ED
E58001938,Droitwich East ED
E58001565,Eastlands ED
E58001620,East Grinstead Meridian ED
E58001939,Droitwich West ED
E58001566,Feldon ED
E58001621,East Grinstead South & Ashurst Wood ED
E58001940,Evesham North West ED
E58001567,Fosse ED
E58001622,East Preston & Ferring ED
E58001941,Evesham South ED
E58001568,Galley Common ED
E58001623,Felpham ED
E58001624,Fontwell ED
E58001625,Goring ED
E58001626,Hassocks & Burgess Hill South ED
E58001627,Haywards Heath East ED
E58001628,Haywards Heath Town ED
E58001629,Henfield ED
E58001630,Holbrook ED
E58001631,Horsham East ED
E58001632,Horsham Hurst ED
E58001633,Horsham Riverside ED
E58001634,Hurstpierpoint & Bolney ED
E58001635,Imberdown ED
E58001636,Lancing ED
E58001637,Langley Green & Ifield East ED
E58001638,Lindfield & High Weald ED
E58001639,Littlehampton East ED
E58001640,Littlehampton Town ED
E58001641,Maidenbower & Worth ED
E58001642,Middleton ED
E58001643,Midhurst ED
E58001644,Northbrook ED
E58001645,Northgate & West Green ED
E58001646,Nyetimber ED
E58001647,Petworth ED
E58001648,Pound Hill ED
E58001649,Pulborough ED
E58001650,Rother Valley ED
E58001651,Rustington ED
E58001652,Selsey ED
E58001653,Shoreham North ED
E58001654,Shoreham South ED
E58001655,Sompting & North Lancing ED
E58001656,Southgate & Gossops Green ED
E58001657,Southwater & Nuthurst ED
E58001658,Southwick ED
E58001659,St. Leonard's Forest ED
E58001660,Storrington ED
E58001661,Tarring ED
E58001942,Hallow ED
E58001569,Hartshill & Mancetter ED
E58001943,Harvington ED
E58001570,Hillmorton ED
E58001944,Littletons ED
E58001571,Kenilworth Park Hill ED
E58001945,Malvern Chase ED
E58001572,Kenilworth St. John's ED
E58001946,Malvern Langland ED
E58001573,Kineton & Red Horse ED
E58001947,Malvern Link ED
E58001574,Kingsbury ED
E58001948,Malvern Trinity ED
E58001575,Lapworth & West Kenilworth ED
E58001949,Nunnery ED
E58001576,Leamington Brunswick ED
E58001950,Ombersley ED
E58001577,Leamington Clarendon ED
E58001951,Pershore ED
E58001578,Leamington Milverton ED
E58001952,Powick & Longdon ED
E58001579,Leamington North ED
E58001953,Rainbow Hill & Fort Royal ED
E58001580,Leamington Willes ED
E58001954,Redditch Central ED
E58001581,New Bilton & Overslade ED
E58001955,Redditch East ED
E58001582,Nuneaton Abbey ED
E58001956,Redditch South ED
E58001583,Nuneaton East ED
E58001957,Redditch West ED
E58001584,Polesworth ED
E58001958,Riverside ED
E58001585,Shipston ED
E58001959,St Barnabas ED
E58001586,"Southam, Stockton & Napton ED"
E58001960,St Chads ED
E58001587,Stockingford ED
E58001961,St Georges ED
E58001588,Stour & the Vale ED
E58001962,St John ED
E58001589,Stratford North ED
E58001963,St Johns ED
E58001590,Stratford South ED
E58001964,St Peter ED
E58001591,Stratford West ED
E58001965,St Peters ED
E58001592,Studley ED
E58001966,St Stephen ED
E58001593,Warwick North ED
E58001967,Stourport Areley Kings & Riverside ED
E58001594,Warwick South ED
E58001968,Stourport Mitton ED
E58001595,Warwick West ED
E58001969,Tenbury ED
E58001970,Upton Snodsbury ED
E58001971,Warndon & Elbury Park ED
E58001972,Warndon Villages ED
E58001973,Woodvale ED
E58001974,Wythall ED
E58001596,Weddington ED
E58001597,Wellesbourne ED
E58001598,Whitnash ED
E58001599,Angmering & Findon ED
E58001600,Arundel & Courtwick ED
